"","Campo","Zona","Ronda","Grupo","ALTITUD","COORDENADAS","Abundancia"
"1","BQ1","DH",1,"bombus",2818,"S0º 58.618' W78º 35.088'",2
"2","CUSU1","DH",3,"bombus",3086,"S1º 04.021' W78º 41.442'",1
"3","CUSU2","DH",1,"bombus",3500,"S1º 05.516' W78º 43.567'",1
"4","CUSU2","BH",3,"bombus",3500,"S1º 05.516' W78º 43.567'",1
"5","Q1","BH",3,"bombus",3777,"S0º 53.872' W78º 46.865'",4
"6","Q4","DH",2,"bombus",3838,"S0º 52.486' W78º 54.973'",1
"7","Q5","BH",1,"bombus",3779,"S0º 52.593' W78º 54.538'",1
"8","BQ1","BH",1,"diptera",2818,"S0º 58.618' W78º 35.088'",1
"9","BQ1","BH",1,"diptera",2818,"S0º 58.618' W78º 35.088'",1
"10","BQ1","BH",2,"diptera",2818,"S0º 58.618' W78º 35.088'",1
"11","BQ2","BH",1,"diptera",3041,"S0º 58.917' W78º 33.509'",1
"12","BQ2","DH",1,"diptera",3041,"S0º 58.917' W78º 33.509'",1
"13","BQ2","DH",1,"diptera",3041,"S0º 58.917' W78º 33.509'",1
"14","BQ2","BH",1,"diptera",3041,"S0º 58.917' W78º 33.509'",1
"15","BQ2","BH",1,"diptera",3041,"S0º 58.917' W78º 33.509'",1
"16","BQ2","BH",1,"diptera",3041,"S0º 58.917' W78º 33.509'",1
"17","BQ2","BH",1,"diptera",3041,"S0º 58.917' W78º 33.509'",1
"18","BQ2","BH",1,"diptera",3041,"S0º 58.917' W78º 33.509'",1
"19","BQ2","BH",1,"diptera",3041,"S0º 58.917' W78º 33.509'",1
"20","BQ2","BH",1,"diptera",3041,"S0º 58.917' W78º 33.509'",1
"21","BQ2","BH",1,"diptera",3041,"S0º 58.917' W78º 33.509'",1
"22","BQ2","BH",1,"diptera",3041,"S0º 58.917' W78º 33.509'",1
"23","BQ2","BH",1,"diptera",3041,"S0º 58.917' W78º 33.509'",1
"24","BQ2","DH",2,"diptera",3041,"S0º 58.917' W78º 33.509'",15
"25","BQ2","DH",3,"diptera",3041,"S0º 58.917' W78º 33.509'",2
"26","CUMBI1","BH",1,"diptera",2759,"S1º 03.191' W78º 33.840'",1
"27","CUMBI1","BH",2,"diptera",2759,"S1º 03.191' W78º 33.840'",1
"28","CUMBI1","BH",2,"diptera",2759,"S1º 03.191' W78º 33.840'",1
"29","CUMBI3","BH",1,"diptera",3064,"S1º 03.289' W78º 30.786'",1
"30","CUMBI3","BH",1,"diptera",3064,"S1º 03.289' W78º 30.786'",1
"31","CUMBI3","BH",1,"diptera",3064,"S1º 03.289' W78º 30.786'",1
"32","CUMBI3","BH",1,"diptera",3064,"S1º 03.289' W78º 30.786'",1
"33","CUMBI3","BH",1,"diptera",3064,"S1º 03.289' W78º 30.786'",1
"34","CUMBI3","BH",1,"diptera",3064,"S1º 03.289' W78º 30.786'",1
"35","CUMBI4","DH",1,"diptera",3152,"S1º 03.050' W78º 30.281'",1
"36","CUMBI4","DH",1,"diptera",3152,"S1º 03.050' W78º 30.281'",1
"37","CUMBI5","DH",1,"diptera",3189,"S1º 01.907' W78º 28.672'",1
"38","CUMBI5","BH",2,"diptera",3189,"S1º 01.907' W78º 28.672'",1
"39","CUMBI5","BH",2,"diptera",3189,"S1º 01.907' W78º 28.672'",1
"40","CUMBI5","BH",2,"diptera",3189,"S1º 01.907' W78º 28.672'",1
"41","CUMBI5","BH",2,"diptera",3189,"S1º 01.907' W78º 28.672'",1
"42","CUMBI5","BH",2,"diptera",3189,"S1º 01.907' W78º 28.672'",1
"43","CUMBI5","BH",1,"diptera",3189,"S1º 01.907' W78º 28.672'",1
"44","CUMBI5","BH",1,"diptera",3189,"S1º 01.907' W78º 28.672'",1
"45","CUMBI5","BH",1,"diptera",3189,"S1º 01.907' W78º 28.672'",1
"46","CUMBI5","BH",1,"diptera",3189,"S1º 01.907' W78º 28.672'",1
"47","CUMBI5","BH",1,"diptera",3189,"S1º 01.907' W78º 28.672'",1
"48","CUMBI5","BH",1,"diptera",3189,"S1º 01.907' W78º 28.672'",1
"49","CUMBI5","BH",1,"diptera",3189,"S1º 01.907' W78º 28.672'",1
"50","CUMBI5","DH",2,"diptera",3189,"S1º 01.907' W78º 28.672'",1
"51","CUMBI6","BH",1,"diptera",3628,"S1º 00.696' W78º 27.529'",1
"52","CUMBI6","BH",1,"diptera",3628,"S1º 00.696' W78º 27.529'",1
"53","CUMBI6","DH",1,"diptera",3628,"S1º 00.696' W78º 27.529'",1
"54","CUMBI6","DH",2,"diptera",3628,"S1º 00.696' W78º 27.529'",1
"55","CUMBI6","BH",2,"diptera",3628,"S1º 00.696' W78º 27.529'",1
"56","CUMBI6","BH",2,"diptera",3628,"S1º 00.696' W78º 27.529'",1
"57","CUMBI6","BH",2,"diptera",3628,"S1º 00.696' W78º 27.529'",1
"58","CUMBI6","BH",1,"diptera",3628,"S1º 00.696' W78º 27.529'",1
"59","CUMBI6","BH",1,"diptera",3628,"S1º 00.696' W78º 27.529'",4
"60","CUMBI6","BH",2,"diptera",3628,"S1º 00.696' W78º 27.529'",2
"61","CUSU1","DH",1,"diptera",3086,"S1º 04.021' W78º 41.442'",1
"62","CUSU1","DH",1,"diptera",3086,"S1º 04.021' W78º 41.442'",1
"63","CUSU1","BH",1,"diptera",3086,"S1º 04.021' W78º 41.442'",1
"64","CUSU1","BH",1,"diptera",3086,"S1º 04.021' W78º 41.442'",1
"65","CUSU1","BH",1,"diptera",3086,"S1º 04.021' W78º 41.442'",1
"66","CUSU2","BH",1,"diptera",3500,"S1º 05.516' W78º 43.567'",1
"67","CUSU2","BH",1,"diptera",3500,"S1º 05.516' W78º 43.567'",1
"68","CUSU2","BH",1,"diptera",3500,"S1º 05.516' W78º 43.567'",1
"69","CUSU2","BH",1,"diptera",3500,"S1º 05.516' W78º 43.567'",1
"70","CUSU2","BH",2,"diptera",3500,"S1º 05.516' W78º 43.567'",1
"71","CUSU2","DH",2,"diptera",3500,"S1º 05.516' W78º 43.567'",1
"72","CUSU2","DH",2,"diptera",3500,"S1º 05.516' W78º 43.567'",1
"73","Q1","DH",2,"diptera",3777,"S0º 53.872' W78º 46.865'",1
"74","Q1","BH",3,"diptera",3777,"S0º 53.872' W78º 46.865'",1
"75","Q2","BH",3,"diptera",3780,"S0º 54.999' W78º 49.727'",1
"76","Q2","BH",3,"diptera",3780,"S0º 54.999' W78º 49.727'",1
"77","Q2","DH",3,"diptera",3780,"S0º 54.999' W78º 49.727'",1
"78","Q2","DH",3,"diptera",3780,"S0º 54.999' W78º 49.727'",1
"79","Q2","DH",3,"diptera",3780,"S0º 54.999' W78º 49.727'",1
"80","Q2","DH",3,"diptera",3780,"S0º 54.999' W78º 49.727'",1
"81","Q2","DH",2,"diptera",3780,"S0º 54.999' W78º 49.727'",1
"82","Q2","DH",1,"diptera",3780,"S0º 54.999' W78º 49.727'",1
"83","Q3","DH",2,"diptera",3747,"S0º 57.144' W78º 52.173'",1
"84","Q3","DH",2,"diptera",3747,"S0º 57.144' W78º 52.173'",1
"85","Q3","DH",1,"diptera",3747,"S0º 57.144' W78º 52.173'",1
"86","Q3","DH",1,"diptera",3747,"S0º 57.144' W78º 52.173'",1
"87","Q3","DH",1,"diptera",3747,"S0º 57.144' W78º 52.173'",1
"88","Q3","BH",2,"diptera",3747,"S0º 57.144' W78º 52.173'",1
"89","Q3","BH",2,"diptera",3747,"S0º 57.144' W78º 52.173'",1
"90","Q4","BH",1,"diptera",3838,"S0º 52.486' W78º 54.973'",1
"91","Q4","BH",3,"diptera",3838,"S0º 52.486' W78º 54.973'",1
"92","Q5","DH",3,"diptera",3779,"S0º 52.593' W78º 54.538'",1
"93","Q5","BH",2,"diptera",3779,"S0º 52.593' W78º 54.538'",1
"94","Q5","BH",1,"diptera",3779,"S0º 52.593' W78º 54.538'",1
"95","Q5","DH",2,"diptera",3779,"S0º 52.593' W78º 54.538'",1
"96","BQ1","DH",2,"honeybee",2818,"S0º 58.618' W78º 35.088'",1
"97","BQ1","DH",3,"honeybee",2818,"S0º 58.618' W78º 35.088'",6
"98","BQ1","BH",3,"honeybee",2818,"S0º 58.618' W78º 35.088'",2
"99","BQ1","DH",1,"honeybee",2818,"S0º 58.618' W78º 35.088'",5
"100","BQ1","BH",1,"honeybee",2818,"S0º 58.618' W78º 35.088'",5
"101","BQ1","BH",2,"honeybee",2818,"S0º 58.618' W78º 35.088'",1
"102","BQ1","BH",NA,"honeybee",2818,"S0º 58.618' W78º 35.088'",1
"103","BQ1","DH",NA,"honeybee",2818,"S0º 58.618' W78º 35.088'",6
"104","BQ1","DH",3,"honeybee",2818,"S0º 58.618' W78º 35.088'",6
"105","BQ1","BH",3,"honeybee",2818,"S0º 58.618' W78º 35.088'",2
"106","BQ2","DH",2,"honeybee",3041,"S0º 58.917' W78º 33.509'",1
"107","CUMBI1","BH",1,"honeybee",2759,"S1º 03.191' W78º 33.840'",9
"108","CUMBI1","BH",1,"honeybee",2759,"S1º 03.191' W78º 33.840'",1
"109","CUMBI2","BH",3,"honeybee",2943,"S1º 03.378' W78º 32.547'",4
"110","CUMBI2","BH",NA,"honeybee",2943,"S1º 03.378' W78º 32.547'",9
"111","CUMBI2","BH",NA,"honeybee",2943,"S1º 03.378' W78º 32.547'",9
"112","CUMBI2","BH",3,"honeybee",2943,"S1º 03.378' W78º 32.547'",4
"113","CUMBI2","BH",2,"honeybee",2943,"S1º 03.378' W78º 32.547'",2
"114","CUMBI2","BH",2,"honeybee",2943,"S1º 03.378' W78º 32.547'",2
"115","CUMBI2","BH",2,"honeybee",2943,"S1º 03.378' W78º 32.547'",1
"116","CUMBI2","BH",2,"honeybee",2943,"S1º 03.378' W78º 32.547'",3
"117","CUMBI3","DH",1,"honeybee",3064,"S1º 03.289' W78º 30.786'",5
"118","CUMBI3","DH",1,"honeybee",3064,"S1º 03.289' W78º 30.786'",1
"119","CUMBI3","DH",1,"honeybee",3064,"S1º 03.289' W78º 30.786'",1
"120","CUMBI4","BH",3,"honeybee",3152,"S1º 03.050' W78º 30.281'",14
"121","CUMBI4","DH",3,"honeybee",3152,"S1º 03.050' W78º 30.281'",5
"122","CUMBI4","DH",1,"honeybee",3152,"S1º 03.050' W78º 30.281'",3
"123","CUMBI4","BH",1,"honeybee",3152,"S1º 03.050' W78º 30.281'",15
"124","CUMBI4","DH",2,"honeybee",3152,"S1º 03.050' W78º 30.281'",8
"125","CUMBI4","BH",2,"honeybee",3152,"S1º 03.050' W78º 30.281'",9
"126","CUMBI4","BH",3,"honeybee",3152,"S1º 03.050' W78º 30.281'",14
"127","CUMBI4","DH",3,"honeybee",3152,"S1º 03.050' W78º 30.281'",5
"128","CUMBI5","DH",1,"honeybee",3189,"S1º 01.907' W78º 28.672'",1
"129","CUMBI5","DH",1,"honeybee",3189,"S1º 01.907' W78º 28.672'",1
"130","CUMBI5","DH",1,"honeybee",3189,"S1º 01.907' W78º 28.672'",1
"131","CUMBI5","BH",2,"honeybee",3189,"S1º 01.907' W78º 28.672'",1
"132","CUMBI5","DH",2,"honeybee",3189,"S1º 01.907' W78º 28.672'",2
"133","CUMBI6","BH",3,"honeybee",3628,"S1º 00.696' W78º 27.529'",4
"134","CUMBI6","DH",1,"honeybee",3628,"S1º 00.696' W78º 27.529'",1
"135","CUMBI6","BH",2,"honeybee",3628,"S1º 00.696' W78º 27.529'",6
"136","CUMBI6","BH",3,"honeybee",3628,"S1º 00.696' W78º 27.529'",4
"137","CUSU1","DH",3,"honeybee",3086,"S1º 04.021' W78º 41.442'",6
"138","CUSU1","BH",3,"honeybee",3086,"S1º 04.021' W78º 41.442'",6
"139","CUSU1","BH",1,"honeybee",3086,"S1º 04.021' W78º 41.442'",5
"140","CUSU1","BH",NA,"honeybee",3086,"S1º 04.021' W78º 41.442'",5
"141","CUSU1","DH",NA,"honeybee",3086,"S1º 04.021' W78º 41.442'",7
"142","CUSU1","DH",3,"honeybee",3086,"S1º 04.021' W78º 41.442'",6
"143","CUSU1","BH",3,"honeybee",3086,"S1º 04.021' W78º 41.442'",6
"144","CUSU2","DH",3,"honeybee",3500,"S1º 05.516' W78º 43.567'",2
"145","CUSU2","DH",1,"honeybee",3500,"S1º 05.516' W78º 43.567'",2
"146","CUSU2","BH",1,"honeybee",3500,"S1º 05.516' W78º 43.567'",10
"147","CUSU2","BH",2,"honeybee",3500,"S1º 05.516' W78º 43.567'",9
"148","CUSU2","BH",3,"honeybee",3500,"S1º 05.516' W78º 43.567'",9
"149","BQ2","DH",1,NA,3041,"S0º 58.917' W78º 33.509'",1
"150","CUMBI2","DH",3,NA,2943,"S1º 03.378' W78º 32.547'",0
"151","CUMBI6","DH",2,NA,3628,"S1º 00.696' W78º 27.529'",NA
"152","BQ1","DH",2,"Solitary_bees",2818,"S0º 58.618' W78º 35.088'",1
"153","BQ1","DH",2,"Solitary_bees",2818,"S0º 58.618' W78º 35.088'",1
"154","BQ1","DH",3,"Solitary_bees",2818,"S0º 58.618' W78º 35.088'",1
"155","BQ1","DH",3,"Solitary_bees",2818,"S0º 58.618' W78º 35.088'",1
"156","BQ1","DH",NA,"Solitary_bees",2818,"S0º 58.618' W78º 35.088'",1
"157","BQ1","BH",NA,"Solitary_bees",2818,"S0º 58.618' W78º 35.088'",1
"158","BQ1","DH",3,"Solitary_bees",2818,"S0º 58.618' W78º 35.088'",1
"159","BQ1","DH",3,"Solitary_bees",2818,"S0º 58.618' W78º 35.088'",1
"160","CUMBI4","BH",1,"Solitary_bees",3152,"S1º 03.050' W78º 30.281'",1
"161","CUMBI5","BH",1,"Solitary_bees",3189,"S1º 01.907' W78º 28.672'",1
"162","CUMBI5","BH",3,"Solitary_bees",3189,"S1º 01.907' W78º 28.672'",1
"163","CUMBI5","BH",3,"Solitary_bees",3189,"S1º 01.907' W78º 28.672'",1
"164","CUMBI5","BH",3,"Solitary_bees",3189,"S1º 01.907' W78º 28.672'",1
"165","CUMBI6","DH",2,"Solitary_bees",3628,"S1º 00.696' W78º 27.529'",1
"166","CUSU1","DH",1,"Solitary_bees",3086,"S1º 04.021' W78º 41.442'",1
"167","CUSU1","BH",3,"Solitary_bees",3086,"S1º 04.021' W78º 41.442'",1
"168","CUSU1","BH",3,"Solitary_bees",3086,"S1º 04.021' W78º 41.442'",1
"169","CUSU1","DH",2,"Solitary_bees",3086,"S1º 04.021' W78º 41.442'",1
"170","CUSU1","DH",1,"Solitary_bees",3086,"S1º 04.021' W78º 41.442'",1
"171","CUSU1","DH",3,"Solitary_bees",3086,"S1º 04.021' W78º 41.442'",1
"172","CUSU1","DH",NA,"Solitary_bees",3086,"S1º 04.021' W78º 41.442'",2
"173","CUSU1","DH",3,"Solitary_bees",3086,"S1º 04.021' W78º 41.442'",1
"174","CUSU1","BH",3,"Solitary_bees",3086,"S1º 04.021' W78º 41.442'",1
"175","CUSU2","BH",3,"Solitary_bees",3500,"S1º 05.516' W78º 43.567'",1
"176","CUSU2","DH",2,"Solitary_bees",3500,"S1º 05.516' W78º 43.567'",1
"177","Q2","BH",3,"Solitary_bees",3780,"S0º 54.999' W78º 49.727'",1
"178","Q3","DH",3,"Solitary_bees",3747,"S0º 57.144' W78º 52.173'",1
"179","Q3","BH",2,"Solitary_bees",3747,"S0º 57.144' W78º 52.173'",1
"180","Q3","BH",2,"Solitary_bees",3747,"S0º 57.144' W78º 52.173'",1
"181","Q3","BH",2,"Solitary_bees",3747,"S0º 57.144' W78º 52.173'",1
"182","Q3","DH",2,"Solitary_bees",3747,"S0º 57.144' W78º 52.173'",1
"183","Q3","BH",2,"Solitary_bees",3747,"S0º 57.144' W78º 52.173'",1
"184","BQ1","BH",1,"syrphids",2818,"S0º 58.618' W78º 35.088'",1
"185","BQ1","DH",2,"syrphids",2818,"S0º 58.618' W78º 35.088'",1
"186","BQ1","BH",2,"syrphids",2818,"S0º 58.618' W78º 35.088'",1
"187","BQ1","BH",2,"syrphids",2818,"S0º 58.618' W78º 35.088'",1
"188","BQ1","BH",2,"syrphids",2818,"S0º 58.618' W78º 35.088'",1
"189","BQ1","BH",2,"syrphids",2818,"S0º 58.618' W78º 35.088'",1
"190","BQ1","BH",2,"syrphids",2818,"S0º 58.618' W78º 35.088'",1
"191","BQ1","BH",2,"syrphids",2818,"S0º 58.618' W78º 35.088'",1
"192","BQ1","DH",3,"syrphids",2818,"S0º 58.618' W78º 35.088'",1
"193","BQ1","DH",3,"syrphids",2818,"S0º 58.618' W78º 35.088'",1
"194","BQ1","BH",2,"syrphids",2818,"S0º 58.618' W78º 35.088'",1
"195","BQ1","BH",3,"syrphids",2818,"S0º 58.618' W78º 35.088'",1
"196","BQ1","BH",3,"syrphids",2818,"S0º 58.618' W78º 35.088'",1
"197","BQ1","DH",2,"syrphids",2818,"S0º 58.618' W78º 35.088'",5
"198","BQ1","BH",2,"syrphids",2818,"S0º 58.618' W78º 35.088'",40
"199","BQ1","BH",NA,"syrphids",2818,"S0º 58.618' W78º 35.088'",3
"200","BQ1","DH",NA,"syrphids",2818,"S0º 58.618' W78º 35.088'",3
"201","BQ1","BH",NA,"syrphids",2818,"S0º 58.618' W78º 35.088'",1
"202","BQ1","DH",2,"syrphids",2818,"S0º 58.618' W78º 35.088'",4
"203","BQ1","DH",3,"syrphids",2818,"S0º 58.618' W78º 35.088'",2
"204","BQ1","DH",3,"syrphids",2818,"S0º 58.618' W78º 35.088'",2
"205","BQ1","BH",1,"syrphids",2818,"S0º 58.618' W78º 35.088'",4
"206","BQ2","DH",1,"syrphids",3041,"S0º 58.917' W78º 33.509'",1
"207","BQ2","DH",1,"syrphids",3041,"S0º 58.917' W78º 33.509'",1
"208","BQ2","BH",1,"syrphids",3041,"S0º 58.917' W78º 33.509'",1
"209","BQ2","BH",1,"syrphids",3041,"S0º 58.917' W78º 33.509'",1
"210","BQ2","BH",1,"syrphids",3041,"S0º 58.917' W78º 33.509'",1
"211","BQ2","BH",1,"syrphids",3041,"S0º 58.917' W78º 33.509'",1
"212","BQ2","BH",1,"syrphids",3041,"S0º 58.917' W78º 33.509'",1
"213","BQ2","BH",1,"syrphids",3041,"S0º 58.917' W78º 33.509'",1
"214","BQ2","BH",1,"syrphids",3041,"S0º 58.917' W78º 33.509'",1
"215","BQ2","BH",1,"syrphids",3041,"S0º 58.917' W78º 33.509'",1
"216","BQ2","BH",1,"syrphids",3041,"S0º 58.917' W78º 33.509'",1
"217","BQ2","BH",1,"syrphids",3041,"S0º 58.917' W78º 33.509'",1
"218","BQ2","BH",1,"syrphids",3041,"S0º 58.917' W78º 33.509'",1
"219","BQ2","BH",1,"syrphids",3041,"S0º 58.917' W78º 33.509'",1
"220","BQ2","BH",1,"syrphids",3041,"S0º 58.917' W78º 33.509'",1
"221","BQ2","DH",2,"syrphids",3041,"S0º 58.917' W78º 33.509'",3
"222","BQ2","BH",3,"syrphids",3041,"S0º 58.917' W78º 33.509'",1
"223","BQ2","BH",3,"syrphids",3041,"S0º 58.917' W78º 33.509'",1
"224","BQ2","BH",3,"syrphids",3041,"S0º 58.917' W78º 33.509'",1
"225","BQ2","BH",3,"syrphids",3041,"S0º 58.917' W78º 33.509'",1
"226","BQ2","BH",3,"syrphids",3041,"S0º 58.917' W78º 33.509'",1
"227","BQ2","BH",3,"syrphids",3041,"S0º 58.917' W78º 33.509'",1
"228","BQ2","BH",3,"syrphids",3041,"S0º 58.917' W78º 33.509'",1
"229","BQ2","BH",3,"syrphids",3041,"S0º 58.917' W78º 33.509'",1
"230","BQ2","BH",3,"syrphids",3041,"S0º 58.917' W78º 33.509'",1
"231","BQ2","BH",3,"syrphids",3041,"S0º 58.917' W78º 33.509'",1
"232","BQ2","BH",3,"syrphids",3041,"S0º 58.917' W78º 33.509'",1
"233","BQ2","BH",2,"syrphids",3041,"S0º 58.917' W78º 33.509'",3
"234","BQ2","BH",3,"syrphids",3041,"S0º 58.917' W78º 33.509'",11
"235","BQ2","DH",3,"syrphids",3041,"S0º 58.917' W78º 33.509'",2
"236","BQ2","BH",3,"syrphids",3041,"S0º 58.917' W78º 33.509'",NA
"237","BQ2","BH",3,"syrphids",3041,"S0º 58.917' W78º 33.509'",1
"238","BQ2","BH",3,"syrphids",3041,"S0º 58.917' W78º 33.509'",1
"239","BQ2","BH",3,"syrphids",3041,"S0º 58.917' W78º 33.509'",1
"240","BQ2","BH",3,"syrphids",3041,"S0º 58.917' W78º 33.509'",1
"241","BQ2","BH",3,"syrphids",3041,"S0º 58.917' W78º 33.509'",1
"242","BQ2","BH",3,"syrphids",3041,"S0º 58.917' W78º 33.509'",1
"243","BQ2","BH",3,"syrphids",3041,"S0º 58.917' W78º 33.509'",1
"244","BQ2","BH",3,"syrphids",3041,"S0º 58.917' W78º 33.509'",1
"245","BQ2","BH",3,"syrphids",3041,"S0º 58.917' W78º 33.509'",1
"246","BQ2","BH",3,"syrphids",3041,"S0º 58.917' W78º 33.509'",1
"247","BQ2","BH",3,"syrphids",3041,"S0º 58.917' W78º 33.509'",1
"248","BQ2","BH",3,"syrphids",3041,"S0º 58.917' W78º 33.509'",1
"249","BQ2","BH",3,"syrphids",3041,"S0º 58.917' W78º 33.509'",1
"250","BQ2","BH",3,"syrphids",3041,"S0º 58.917' W78º 33.509'",1
"251","BQ2","DH",3,"syrphids",3041,"S0º 58.917' W78º 33.509'",6
"252","BQ2","BH",3,"syrphids",3041,"S0º 58.917' W78º 33.509'",15
"253","BQ2","DH",3,"syrphids",3041,"S0º 58.917' W78º 33.509'",6
"254","BQ2","BH",2,"syrphids",3041,"S0º 58.917' W78º 33.509'",29
"255","CUMBI1","DH",NA,"syrphids",2759,"S1º 03.191' W78º 33.840'",1
"256","CUMBI1","DH",NA,"syrphids",2759,"S1º 03.191' W78º 33.840'",1
"257","CUMBI1","BH",1,"syrphids",2759,"S1º 03.191' W78º 33.840'",1
"258","CUMBI1","BH",1,"syrphids",2759,"S1º 03.191' W78º 33.840'",1
"259","CUMBI1","DH",2,"syrphids",2759,"S1º 03.191' W78º 33.840'",1
"260","CUMBI1","DH",3,"syrphids",2759,"S1º 03.191' W78º 33.840'",1
"261","CUMBI1","BH",3,"syrphids",2759,"S1º 03.191' W78º 33.840'",4
"262","CUMBI1","BH",1,"syrphids",2759,"S1º 03.191' W78º 33.840'",6
"263","CUMBI2","BH",3,"syrphids",2943,"S1º 03.378' W78º 32.547'",11
"264","CUMBI2","BH",3,"syrphids",2943,"S1º 03.378' W78º 32.547'",5
"265","CUMBI2","BH",3,"syrphids",2943,"S1º 03.378' W78º 32.547'",4
"266","CUMBI2","BH",2,"syrphids",2943,"S1º 03.378' W78º 32.547'",1
"267","CUMBI2","BH",2,"syrphids",2943,"S1º 03.378' W78º 32.547'",1
"268","CUMBI2","BH",2,"syrphids",2943,"S1º 03.378' W78º 32.547'",1
"269","CUMBI2","BH",2,"syrphids",2943,"S1º 03.378' W78º 32.547'",1
"270","CUMBI2","BH",NA,"syrphids",2943,"S1º 03.378' W78º 32.547'",6
"271","CUMBI2","BH",NA,"syrphids",2943,"S1º 03.378' W78º 32.547'",6
"272","CUMBI2","BH",3,"syrphids",2943,"S1º 03.378' W78º 32.547'",11
"273","CUMBI2","BH",2,"syrphids",2943,"S1º 03.378' W78º 32.547'",3
"274","CUMBI2","BH",2,"syrphids",2943,"S1º 03.378' W78º 32.547'",5
"275","CUMBI2","BH",3,"syrphids",2943,"S1º 03.378' W78º 32.547'",5
"276","CUMBI2","BH",2,"syrphids",2943,"S1º 03.378' W78º 32.547'",4
"277","CUMBI2","BH",2,"syrphids",2943,"S1º 03.378' W78º 32.547'",5
"278","CUMBI2","BH",1,"syrphids",2943,"S1º 03.378' W78º 32.547'",5
"279","CUMBI2","BH",3,"syrphids",2943,"S1º 03.378' W78º 32.547'",4
"280","CUMBI3","BH",1,"syrphids",3064,"S1º 03.289' W78º 30.786'",1
"281","CUMBI3","BH",1,"syrphids",3064,"S1º 03.289' W78º 30.786'",1
"282","CUMBI3","BH",1,"syrphids",3064,"S1º 03.289' W78º 30.786'",1
"283","CUMBI3","BH",1,"syrphids",3064,"S1º 03.289' W78º 30.786'",1
"284","CUMBI3","BH",1,"syrphids",3064,"S1º 03.289' W78º 30.786'",1
"285","CUMBI3","BH",1,"syrphids",3064,"S1º 03.289' W78º 30.786'",1
"286","CUMBI3","BH",1,"syrphids",3064,"S1º 03.289' W78º 30.786'",1
"287","CUMBI3","BH",1,"syrphids",3064,"S1º 03.289' W78º 30.786'",1
"288","CUMBI3","BH",1,"syrphids",3064,"S1º 03.289' W78º 30.786'",1
"289","CUMBI3","BH",1,"syrphids",3064,"S1º 03.289' W78º 30.786'",1
"290","CUMBI3","BH",1,"syrphids",3064,"S1º 03.289' W78º 30.786'",1
"291","CUMBI3","BH",1,"syrphids",3064,"S1º 03.289' W78º 30.786'",1
"292","CUMBI3","DH",1,"syrphids",3064,"S1º 03.289' W78º 30.786'",1
"293","CUMBI3","DH",1,"syrphids",3064,"S1º 03.289' W78º 30.786'",1
"294","CUMBI3","DH",1,"syrphids",3064,"S1º 03.289' W78º 30.786'",1
"295","CUMBI3","DH",1,"syrphids",3064,"S1º 03.289' W78º 30.786'",1
"296","CUMBI3","DH",1,"syrphids",3064,"S1º 03.289' W78º 30.786'",1
"297","CUMBI3","DH",1,"syrphids",3064,"S1º 03.289' W78º 30.786'",1
"298","CUMBI4","DH",3,"syrphids",3152,"S1º 03.050' W78º 30.281'",1
"299","CUMBI4","BH",2,"syrphids",3152,"S1º 03.050' W78º 30.281'",1
"300","CUMBI4","BH",2,"syrphids",3152,"S1º 03.050' W78º 30.281'",1
"301","CUMBI4","BH",2,"syrphids",3152,"S1º 03.050' W78º 30.281'",1
"302","CUMBI4","BH",2,"syrphids",3152,"S1º 03.050' W78º 30.281'",1
"303","CUMBI4","DH",2,"syrphids",3152,"S1º 03.050' W78º 30.281'",1
"304","CUMBI4","DH",2,"syrphids",3152,"S1º 03.050' W78º 30.281'",1
"305","CUMBI4","DH",2,"syrphids",3152,"S1º 03.050' W78º 30.281'",1
"306","CUMBI4","DH",2,"syrphids",3152,"S1º 03.050' W78º 30.281'",1
"307","CUMBI4","BH",1,"syrphids",3152,"S1º 03.050' W78º 30.281'",1
"308","CUMBI4","BH",1,"syrphids",3152,"S1º 03.050' W78º 30.281'",1
"309","CUMBI4","BH",3,"syrphids",3152,"S1º 03.050' W78º 30.281'",6
"310","CUMBI4","DH",3,"syrphids",3152,"S1º 03.050' W78º 30.281'",4
"311","CUMBI4","DH",2,"syrphids",3152,"S1º 03.050' W78º 30.281'",16
"312","CUMBI4","BH",2,"syrphids",3152,"S1º 03.050' W78º 30.281'",25
"313","CUMBI4","BH",3,"syrphids",3152,"S1º 03.050' W78º 30.281'",6
"314","CUMBI4","DH",3,"syrphids",3152,"S1º 03.050' W78º 30.281'",4
"315","CUMBI4","BH",3,"syrphids",3152,"S1º 03.050' W78º 30.281'",2
"316","CUMBI4","BH",3,"syrphids",3152,"S1º 03.050' W78º 30.281'",1
"317","CUMBI4","BH",3,"syrphids",3152,"S1º 03.050' W78º 30.281'",1
"318","CUMBI4","BH",3,"syrphids",3152,"S1º 03.050' W78º 30.281'",1
"319","CUMBI4","DH",2,"syrphids",3152,"S1º 03.050' W78º 30.281'",20
"320","CUMBI4","BH",2,"syrphids",3152,"S1º 03.050' W78º 30.281'",10
"321","CUMBI4","BH",3,"syrphids",3152,"S1º 03.050' W78º 30.281'",1
"322","CUMBI4","BH",3,"syrphids",3152,"S1º 03.050' W78º 30.281'",2
"323","CUMBI4","BH",3,"syrphids",3152,"S1º 03.050' W78º 30.281'",3
"324","CUMBI4","DH",3,"syrphids",3152,"S1º 03.050' W78º 30.281'",2
"325","CUMBI5","DH",1,"syrphids",3189,"S1º 01.907' W78º 28.672'",1
"326","CUMBI5","DH",1,"syrphids",3189,"S1º 01.907' W78º 28.672'",1
"327","CUMBI5","BH",2,"syrphids",3189,"S1º 01.907' W78º 28.672'",1
"328","CUMBI5","BH",2,"syrphids",3189,"S1º 01.907' W78º 28.672'",1
"329","CUMBI5","BH",2,"syrphids",3189,"S1º 01.907' W78º 28.672'",1
"330","CUMBI5","BH",2,"syrphids",3189,"S1º 01.907' W78º 28.672'",1
"331","CUMBI5","BH",2,"syrphids",3189,"S1º 01.907' W78º 28.672'",1
"332","CUMBI5","BH",1,"syrphids",3189,"S1º 01.907' W78º 28.672'",1
"333","CUMBI5","BH",1,"syrphids",3189,"S1º 01.907' W78º 28.672'",1
"334","CUMBI5","BH",1,"syrphids",3189,"S1º 01.907' W78º 28.672'",1
"335","CUMBI5","BH",1,"syrphids",3189,"S1º 01.907' W78º 28.672'",1
"336","CUMBI5","BH",1,"syrphids",3189,"S1º 01.907' W78º 28.672'",1
"337","CUMBI5","BH",1,"syrphids",3189,"S1º 01.907' W78º 28.672'",1
"338","CUMBI5","BH",1,"syrphids",3189,"S1º 01.907' W78º 28.672'",1
"339","CUMBI5","BH",1,"syrphids",3189,"S1º 01.907' W78º 28.672'",1
"340","CUMBI5","BH",1,"syrphids",3189,"S1º 01.907' W78º 28.672'",1
"341","CUMBI5","BH",1,"syrphids",3189,"S1º 01.907' W78º 28.672'",1
"342","CUMBI5","BH",1,"syrphids",3189,"S1º 01.907' W78º 28.672'",1
"343","CUMBI5","BH",1,"syrphids",3189,"S1º 01.907' W78º 28.672'",1
"344","CUMBI5","BH",1,"syrphids",3189,"S1º 01.907' W78º 28.672'",1
"345","CUMBI5","BH",1,"syrphids",3189,"S1º 01.907' W78º 28.672'",1
"346","CUMBI5","BH",1,"syrphids",3189,"S1º 01.907' W78º 28.672'",1
"347","CUMBI5","BH",1,"syrphids",3189,"S1º 01.907' W78º 28.672'",1
"348","CUMBI5","BH",1,"syrphids",3189,"S1º 01.907' W78º 28.672'",1
"349","CUMBI5","BH",1,"syrphids",3189,"S1º 01.907' W78º 28.672'",1
"350","CUMBI5","BH",1,"syrphids",3189,"S1º 01.907' W78º 28.672'",1
"351","CUMBI5","BH",1,"syrphids",3189,"S1º 01.907' W78º 28.672'",1
"352","CUMBI5","BH",1,"syrphids",3189,"S1º 01.907' W78º 28.672'",1
"353","CUMBI5","DH",2,"syrphids",3189,"S1º 01.907' W78º 28.672'",1
"354","CUMBI5","DH",2,"syrphids",3189,"S1º 01.907' W78º 28.672'",1
"355","CUMBI5","BH",3,"syrphids",3189,"S1º 01.907' W78º 28.672'",8
"356","CUMBI5","DH",3,"syrphids",3189,"S1º 01.907' W78º 28.672'",2
"357","CUMBI5","BH",3,"syrphids",3189,"S1º 01.907' W78º 28.672'",8
"358","CUMBI5","DH",3,"syrphids",3189,"S1º 01.907' W78º 28.672'",2
"359","CUMBI5","BH",3,"syrphids",3189,"S1º 01.907' W78º 28.672'",2
"360","CUMBI5","BH",3,"syrphids",3189,"S1º 01.907' W78º 28.672'",2
"361","CUMBI5","BH",3,"syrphids",3189,"S1º 01.907' W78º 28.672'",9
"362","CUMBI5","DH",3,"syrphids",3189,"S1º 01.907' W78º 28.672'",5
"363","CUMBI5","BH",3,"syrphids",3189,"S1º 01.907' W78º 28.672'",9
"364","CUMBI5","DH",3,"syrphids",3189,"S1º 01.907' W78º 28.672'",5
"365","CUMBI5","DH",2,"syrphids",3189,"S1º 01.907' W78º 28.672'",7
"366","CUMBI5","DH",1,"syrphids",3189,"S1º 01.907' W78º 28.672'",4
"367","CUMBI5","BH",2,"syrphids",3189,"S1º 01.907' W78º 28.672'",12
"368","CUMBI5","BH",2,"syrphids",3189,"S1º 01.907' W78º 28.672'",2
"369","CUMBI6","BH",1,"syrphids",3628,"S1º 00.696' W78º 27.529'",1
"370","CUMBI6","DH",2,"syrphids",3628,"S1º 00.696' W78º 27.529'",1
"371","CUMBI6","BH",2,"syrphids",3628,"S1º 00.696' W78º 27.529'",1
"372","CUMBI6","BH",2,"syrphids",3628,"S1º 00.696' W78º 27.529'",1
"373","CUMBI6","BH",2,"syrphids",3628,"S1º 00.696' W78º 27.529'",1
"374","CUMBI6","BH",2,"syrphids",3628,"S1º 00.696' W78º 27.529'",1
"375","CUMBI6","DH",2,"syrphids",3628,"S1º 00.696' W78º 27.529'",1
"376","CUMBI6","DH",2,"syrphids",3628,"S1º 00.696' W78º 27.529'",1
"377","CUMBI6","BH",3,"syrphids",3628,"S1º 00.696' W78º 27.529'",12
"378","CUMBI6","DH",3,"syrphids",3628,"S1º 00.696' W78º 27.529'",7
"379","CUMBI6","BH",3,"syrphids",3628,"S1º 00.696' W78º 27.529'",12
"380","CUMBI6","DH",3,"syrphids",3628,"S1º 00.696' W78º 27.529'",7
"381","CUMBI6","DH",3,"syrphids",3628,"S1º 00.696' W78º 27.529'",1
"382","CUMBI6","DH",3,"syrphids",3628,"S1º 00.696' W78º 27.529'",1
"383","CUMBI6","DH",3,"syrphids",3628,"S1º 00.696' W78º 27.529'",1
"384","CUMBI6","DH",3,"syrphids",3628,"S1º 00.696' W78º 27.529'",1
"385","CUMBI6","BH",3,"syrphids",3628,"S1º 00.696' W78º 27.529'",8
"386","CUMBI6","BH",2,"syrphids",3628,"S1º 00.696' W78º 27.529'",3
"387","CUMBI6","BH",3,"syrphids",3628,"S1º 00.696' W78º 27.529'",8
"388","CUMBI6","BH",2,"syrphids",3628,"S1º 00.696' W78º 27.529'",11
"389","CUSU1","BH",2,"syrphids",3086,"S1º 04.021' W78º 41.442'",1
"390","CUSU1","BH",2,"syrphids",3086,"S1º 04.021' W78º 41.442'",1
"391","CUSU1","BH",2,"syrphids",3086,"S1º 04.021' W78º 41.442'",1
"392","CUSU1","DH",1,"syrphids",3086,"S1º 04.021' W78º 41.442'",1
"393","CUSU1","DH",1,"syrphids",3086,"S1º 04.021' W78º 41.442'",1
"394","CUSU1","BH",1,"syrphids",3086,"S1º 04.021' W78º 41.442'",1
"395","CUSU1","BH",1,"syrphids",3086,"S1º 04.021' W78º 41.442'",1
"396","CUSU1","BH",1,"syrphids",3086,"S1º 04.021' W78º 41.442'",1
"397","CUSU1","BH",1,"syrphids",3086,"S1º 04.021' W78º 41.442'",1
"398","CUSU1","BH",1,"syrphids",3086,"S1º 04.021' W78º 41.442'",1
"399","CUSU1","BH",1,"syrphids",3086,"S1º 04.021' W78º 41.442'",1
"400","CUSU1","BH",1,"syrphids",3086,"S1º 04.021' W78º 41.442'",1
"401","CUSU1","BH",1,"syrphids",3086,"S1º 04.021' W78º 41.442'",1
"402","CUSU1","BH",1,"syrphids",3086,"S1º 04.021' W78º 41.442'",1
"403","CUSU1","BH",1,"syrphids",3086,"S1º 04.021' W78º 41.442'",1
"404","CUSU1","DH",1,"syrphids",3086,"S1º 04.021' W78º 41.442'",1
"405","CUSU1","BH",NA,"syrphids",3086,"S1º 04.021' W78º 41.442'",1
"406","CUSU1","DH",NA,"syrphids",3086,"S1º 04.021' W78º 41.442'",1
"407","CUSU1","BH",3,"syrphids",3086,"S1º 04.021' W78º 41.442'",4
"408","CUSU1","BH",NA,"syrphids",3086,"S1º 04.021' W78º 41.442'",11
"409","CUSU1","BH",3,"syrphids",3086,"S1º 04.021' W78º 41.442'",3
"410","CUSU1","BH",NA,"syrphids",3086,"S1º 04.021' W78º 41.442'",6
"411","CUSU1","BH",3,"syrphids",3086,"S1º 04.021' W78º 41.442'",1
"412","CUSU2","BH",2,"syrphids",3500,"S1º 05.516' W78º 43.567'",1
"413","CUSU2","BH",3,"syrphids",3500,"S1º 05.516' W78º 43.567'",1
"414","CUSU2","BH",1,"syrphids",3500,"S1º 05.516' W78º 43.567'",1
"415","CUSU2","BH",1,"syrphids",3500,"S1º 05.516' W78º 43.567'",1
"416","CUSU2","BH",1,"syrphids",3500,"S1º 05.516' W78º 43.567'",1
"417","CUSU2","BH",1,"syrphids",3500,"S1º 05.516' W78º 43.567'",1
"418","CUSU2","BH",1,"syrphids",3500,"S1º 05.516' W78º 43.567'",1
"419","CUSU2","BH",1,"syrphids",3500,"S1º 05.516' W78º 43.567'",1
"420","CUSU2","DH",1,"syrphids",3500,"S1º 05.516' W78º 43.567'",1
"421","CUSU2","BH",2,"syrphids",3500,"S1º 05.516' W78º 43.567'",1
"422","CUSU2","BH",2,"syrphids",3500,"S1º 05.516' W78º 43.567'",1
"423","CUSU2","BH",2,"syrphids",3500,"S1º 05.516' W78º 43.567'",1
"424","CUSU2","BH",2,"syrphids",3500,"S1º 05.516' W78º 43.567'",1
"425","CUSU2","BH",2,"syrphids",3500,"S1º 05.516' W78º 43.567'",1
"426","CUSU2","DH",1,"syrphids",3500,"S1º 05.516' W78º 43.567'",1
"427","CUSU2","DH",2,"syrphids",3500,"S1º 05.516' W78º 43.567'",4
"428","CUSU2","BH",3,"syrphids",3500,"S1º 05.516' W78º 43.567'",1
"429","CUSU2","DH",3,"syrphids",3500,"S1º 05.516' W78º 43.567'",8
"430","CUSU2","DH",2,"syrphids",3500,"S1º 05.516' W78º 43.567'",3
"431","CUSU2","BH",3,"syrphids",3500,"S1º 05.516' W78º 43.567'",4
"432","CUSU2","DH",2,"syrphids",3500,"S1º 05.516' W78º 43.567'",6
"433","CUSU2","BH",2,"syrphids",3500,"S1º 05.516' W78º 43.567'",14
"434","CUSU2","BH",3,"syrphids",3500,"S1º 05.516' W78º 43.567'",11
"435","CUSU2","BH",1,"syrphids",3500,"S1º 05.516' W78º 43.567'",8
"436","Q1","BH",3,"syrphids",3777,"S0º 53.872' W78º 46.865'",1
"437","Q1","DH",2,"syrphids",3777,"S0º 53.872' W78º 46.865'",1
"438","Q1","BH",2,"syrphids",3777,"S0º 53.872' W78º 46.865'",1
"439","Q1","BH",2,"syrphids",3777,"S0º 53.872' W78º 46.865'",1
"440","Q1","DH",1,"syrphids",3777,"S0º 53.872' W78º 46.865'",1
"441","Q1","DH",1,"syrphids",3777,"S0º 53.872' W78º 46.865'",1
"442","Q1","BH",3,"syrphids",3777,"S0º 53.872' W78º 46.865'",3
"443","Q1","BH",2,"syrphids",3777,"S0º 53.872' W78º 46.865'",1
"444","Q2","DH",3,"syrphids",3780,"S0º 54.999' W78º 49.727'",1
"445","Q2","DH",3,"syrphids",3780,"S0º 54.999' W78º 49.727'",1
"446","Q2","DH",3,"syrphids",3780,"S0º 54.999' W78º 49.727'",1
"447","Q2","DH",3,"syrphids",3780,"S0º 54.999' W78º 49.727'",1
"448","Q2","DH",2,"syrphids",3780,"S0º 54.999' W78º 49.727'",1
"449","Q2","DH",2,"syrphids",3780,"S0º 54.999' W78º 49.727'",1
"450","Q2","DH",2,"syrphids",3780,"S0º 54.999' W78º 49.727'",1
"451","Q2","DH",2,"syrphids",3780,"S0º 54.999' W78º 49.727'",1
"452","Q2","DH",2,"syrphids",3780,"S0º 54.999' W78º 49.727'",1
"453","Q2","DH",2,"syrphids",3780,"S0º 54.999' W78º 49.727'",1
"454","Q2","BH",2,"syrphids",3780,"S0º 54.999' W78º 49.727'",1
"455","Q2","BH",1,"syrphids",3780,"S0º 54.999' W78º 49.727'",1
"456","Q2","BH",1,"syrphids",3780,"S0º 54.999' W78º 49.727'",1
"457","Q2","BH",1,"syrphids",3780,"S0º 54.999' W78º 49.727'",1
"458","Q2","BH",1,"syrphids",3780,"S0º 54.999' W78º 49.727'",1
"459","Q2","BH",1,"syrphids",3780,"S0º 54.999' W78º 49.727'",1
"460","Q2","DH",1,"syrphids",3780,"S0º 54.999' W78º 49.727'",1
"461","Q2","BH",2,"syrphids",3780,"S0º 54.999' W78º 49.727'",2
"462","Q2","BH",3,"syrphids",3780,"S0º 54.999' W78º 49.727'",1
"463","Q2","BH",3,"syrphids",3780,"S0º 54.999' W78º 49.727'",12
"464","Q2","BH",3,"syrphids",3780,"S0º 54.999' W78º 49.727'",1
"465","Q3","DH",3,"syrphids",3747,"S0º 57.144' W78º 52.173'",1
"466","Q3","DH",3,"syrphids",3747,"S0º 57.144' W78º 52.173'",1
"467","Q3","DH",3,"syrphids",3747,"S0º 57.144' W78º 52.173'",1
"468","Q3","DH",3,"syrphids",3747,"S0º 57.144' W78º 52.173'",1
"469","Q3","DH",3,"syrphids",3747,"S0º 57.144' W78º 52.173'",1
"470","Q3","DH",2,"syrphids",3747,"S0º 57.144' W78º 52.173'",1
"471","Q3","DH",2,"syrphids",3747,"S0º 57.144' W78º 52.173'",1
"472","Q3","DH",2,"syrphids",3747,"S0º 57.144' W78º 52.173'",1
"473","Q3","DH",2,"syrphids",3747,"S0º 57.144' W78º 52.173'",1
"474","Q3","DH",2,"syrphids",3747,"S0º 57.144' W78º 52.173'",1
"475","Q3","BH",1,"syrphids",3747,"S0º 57.144' W78º 52.173'",1
"476","Q3","BH",1,"syrphids",3747,"S0º 57.144' W78º 52.173'",1
"477","Q3","BH",2,"syrphids",3747,"S0º 57.144' W78º 52.173'",1
"478","Q3","BH",2,"syrphids",3747,"S0º 57.144' W78º 52.173'",2
"479","Q3","DH",2,"syrphids",3747,"S0º 57.144' W78º 52.173'",1
"480","Q3","BH",2,"syrphids",3747,"S0º 57.144' W78º 52.173'",1
"481","Q3","BH",2,"syrphids",3747,"S0º 57.144' W78º 52.173'",2
"482","Q3","BH",3,"syrphids",3747,"S0º 57.144' W78º 52.173'",1
"483","Q3","BH",2,"syrphids",3747,"S0º 57.144' W78º 52.173'",7
"484","Q3","DH",3,"syrphids",3747,"S0º 57.144' W78º 52.173'",5
"485","Q4","DH",3,"syrphids",3838,"S0º 52.486' W78º 54.973'",1
"486","Q4","DH",3,"syrphids",3838,"S0º 52.486' W78º 54.973'",1
"487","Q4","DH",3,"syrphids",3838,"S0º 52.486' W78º 54.973'",1
"488","Q4","BH",1,"syrphids",3838,"S0º 52.486' W78º 54.973'",1
"489","Q4","BH",1,"syrphids",3838,"S0º 52.486' W78º 54.973'",1
"490","Q4","BH",1,"syrphids",3838,"S0º 52.486' W78º 54.973'",1
"491","Q4","BH",1,"syrphids",3838,"S0º 52.486' W78º 54.973'",1
"492","Q4","DH",1,"syrphids",3838,"S0º 52.486' W78º 54.973'",1
"493","Q4","BH",1,"syrphids",3838,"S0º 52.486' W78º 54.973'",1
"494","Q4","DH",2,"syrphids",3838,"S0º 52.486' W78º 54.973'",1
"495","Q4","BH",3,"syrphids",3838,"S0º 52.486' W78º 54.973'",1
"496","Q4","BH",2,"syrphids",3838,"S0º 52.486' W78º 54.973'",1
"497","Q4","BH",3,"syrphids",3838,"S0º 52.486' W78º 54.973'",4
"498","Q5","BH",1,"syrphids",3779,"S0º 52.593' W78º 54.538'",1
"499","Q5","DH",3,"syrphids",3779,"S0º 52.593' W78º 54.538'",1
"500","Q5","DH",3,"syrphids",3779,"S0º 52.593' W78º 54.538'",1
"501","Q5","DH",3,"syrphids",3779,"S0º 52.593' W78º 54.538'",1
"502","Q5","DH",3,"syrphids",3779,"S0º 52.593' W78º 54.538'",1
"503","Q5","BH",2,"syrphids",3779,"S0º 52.593' W78º 54.538'",1
"504","Q5","BH",2,"syrphids",3779,"S0º 52.593' W78º 54.538'",1
"505","Q5","DH",2,"syrphids",3779,"S0º 52.593' W78º 54.538'",1
"506","Q5","BH",1,"syrphids",3779,"S0º 52.593' W78º 54.538'",1
"507","Q5","BH",1,"syrphids",3779,"S0º 52.593' W78º 54.538'",1
"508","Q5","DH",1,"syrphids",3779,"S0º 52.593' W78º 54.538'",1
"509","Q5","DH",2,"syrphids",3779,"S0º 52.593' W78º 54.538'",1
"510","Q5","BH",2,"syrphids",3779,"S0º 52.593' W78º 54.538'",1
"511","Q5","BH",3,"syrphids",3779,"S0º 52.593' W78º 54.538'",1
"512","Q5","BH",2,"syrphids",3779,"S0º 52.593' W78º 54.538'",4
"513","Q5","DH",3,"syrphids",3779,"S0º 52.593' W78º 54.538'",2
